Name,Email Id
Lohitha.T,lohitha.ai21@bmsce.ac.in
Arthi.B,arthi.ai20@bmsce.ac.in
Suraj.T,surajmane.ai@bmsce.ac.in
Rakshitha.G,rakshitha.ai21@bmsce.ac.in
Chaitra,chaitra.ai21@bmsce.ac.in
Suma.V,suma.cs20@bmsce.ac.in
